f22,000,000,000,000,000,000,000
000,000,000,000,000,000,000,000
000,000,000,000,000,000,000,000
000,000,000,000,000,000,000,000
000,000,000,000,000,000,000,000
000,000,000,000,000,000,000,000
000,000,000,000,000,000,000,000
000,000,000,000,000,000,000,000
000,000,000,000,000,000,000,000
000,000,000,000,000,000,000,000
000,000,000,000,000,000,000,000
000,000,000,000,000,000,000,000
000,000,000,000,000,000,000,000
000,000,000,000,000,000,000,000
000,000,000,000,000,000,000,000
000,000,000,000,000,000,000,000
000,000,000,000,000,000,000,000
000,000,000,000,000,000,000,000
000,000,000,000,000,000,000,000
000,000,000,000,000,000,000,000
000,000,000,000,000,000,000,000
000,000,000,000,000,000,000,000
000,000,000,000,000,000,000,000
000,000,000,000,000,000,000,000
000,000,000,000,000,000,000,000
000,000,000,000,000,000,000,000
000,000,000,000,000,000,000,000
000,000,000,000,000,000,000,000
000,000,000,000,000,000,000,000
000,000,000,000,000,000,000,000
000,000,000,000,000,000,000,000
000,000,000,000,000,000,000,000
